id,dt,niter,Re,gama,Minf,Pr,Core Count,order,grid,time
0,0.004674989068,4278,800.0,1.4,0.1,0.71,4,2,33,256.312030077
1,0.004674989068,4278,800.0,1.4,0.1,0.71,4,2,33,243.76136899
2,0.004674989068,4278,800.0,1.4,0.1,0.71,4,4,33,278.993844986
3,0.004674989068,4278,800.0,1.4,0.1,0.71,4,4,33,280.60351491
