id,dt,niter,Re,gama,Minf,Pr,Core Count,order,grid,time
0,0.009817477042,2037,800.0,1.4,0.1,0.71,4,8,17,22.8577060699
1,0.002454369261,8148,800.0,1.4,0.1,0.71,4,8,65,2876.8110199
