id,dt,niter,Re,gama,Minf,Pr,Core Count,order,grid,time
0,0.002337494534,8556,800.0,1.4,0.1,0.71,8,2,65,1444.37517977
1,0.002337494534,8556,800.0,1.4,0.1,0.71,8,4,65,1660.52002406
2,0.002337494534,8556,800.0,1.4,0.1,0.71,8,6,65,1932.032938
3,0.002337494534,8556,800.0,1.4,0.1,0.71,8,8,65,2053.08316898
4,0.002337494534,8556,800.0,1.4,0.1,0.71,8,10,65,2320.33439994
5,0.002337494534,8556,800.0,1.4,0.1,0.71,8,12,65,1290.86340094
6,0.002337494534,8556,800.0,1.4,0.1,0.71,8,14,65,1338.64485598
7,0.002337494534,8556,800.0,1.4,0.1,0.71,8,16,65,856.561736107
